{"current":"Glow","installed_preset_name":"Glow","presets":{"Cornerstone":{"color_background_body":"#f1f1f1","color_text_link":"#161a15","color_text":"#161a15","color_border":"#161a15","color_accent":"#ffffff","color_accent_contrasting":"#161a15","color_header_text":"#161a15","color_header_background":"#ffffff","color_header_cart_dot":"#161a15","color_header_cart_dot_text":"#fafafa","color_header_search_field_background":"#f1f1f1","color_header_search_field_border":"#f1f1f1","color_header_search_field_text":"#161a15","color_main_menu_text":"#161a15","color_main_menu_background":"#ffffff","color_text_footer":"#ffffff","color_background_footer":"#272727","color_button_primary_background":"#444444","color_button_primary_text":"#FFFFFF","color_button_secondary_background":"#ffffff","color_button_secondary_text":"#161a15","color_form_input_text":"#444444","color_form_background":"#f1f1f1","color_products_sale_price":"#c31818","color_products_rating_star":"#161a15","color_button_floating_action_background":"#ffffff","color_button_floating_action_foreground":"#161a15","color_products_stock_good":"#448421","color_products_stock_medium":"#bf5c30","color_products_stock_bad":"#737373","color_free_shipping_bar_below_full":"#737373","color_free_shipping_bar_full":"#161a15","color_popups_drawer_text":"#333333","color_popups_drawer_links":"#161a15","color_popups_drawer_sale_price":"#e20814","color_popups_drawer_background":"#ffffff","color_popups_drawer_alternate_background":"#f1f2ee","popup_forms_color_style":"default","color_scheme_1_background_body":"#ffffff","color_scheme_1_text":"#161a15","color_scheme_2_background_body":"#ffffff","color_scheme_2_text":"#161a15","font_logo":"dm_sans_n5","logo_letter_spacing":15,"logo_mobile_base_scale":80,"font_heading":"dm_sans_n5","capitalize_headings":false,"heading_base_size":40,"heading_mobile_base_scale":70,"font_body":"dm_sans_n4","body_base_size":16,"body_mobile_base_scale":90,"navigation_font":"body","capitalize_navigation":false,"navigation_base_size":15,"buttons_font":"heading","bold_buttons":false,"capitalize_buttons":false,"product_listing_title_font":"heading","capitalize_product_listing_title":false,"product_listing_title_base_size":15,"product_badges_font":"body","bold_product_badges":true,"uppercase_product_badges":false,"prices_font":"body","bold_prices":true,"swatch_shape":"rectangle","color_background_sale_badge":"#c31818","color_text_sale_badge":"#ffffff","sale_badge_format":"sale_text","color_background_sold_badge":"#ffffff","color_text_sold_badge":"#737373","color_background_new_badge":"#161a15","color_text_new_badge":"#f1f1f1","new_badge_product_source":"auto","new_badge_collection":"new-arrivals","new_badge_duration_in_days":14,"custom_product_badge_group_1_tag_names":"Ships fast","custom_product_badge_group_1_background_color":"#161a15","custom_product_badge_group_1_text_color":"#f1f1f1","custom_product_badge_group_2_tag_names":"Sustainable Materials","custom_product_badge_group_2_background_color":"#189d8f","custom_product_badge_group_2_text_color":"#f1f1f1","custom_product_badge_group_3_tag_names":"Best Seller","custom_product_badge_group_3_background_color":"#161a15","custom_product_badge_group_3_text_color":"#f1f1f1","custom_product_badge_group_4_tag_names":"Staff Pick","custom_product_badge_group_4_background_color":"#161a15","custom_product_badge_group_4_text_color":"#f1f1f1","badge_shape":"rectangle","product_listing_show_vendor":true,"product_listing_show_subtitle":true,"product_listing_show_swatches":false,"product_listing_show_inventory_status":true,"enable_quick_view":true,"enable_quick_add":true,"quick_add_style":"icon","product_listing_product_list_style":"default","product_listing_color_colored_tile":"#f4f8fc","product_listing_content_alignment":"left","product_listing_product_title_text_limit":"1_line","product_listing_show_second_image_on_hover":true,"product_listing_aspect_ratio":"portrait_alt","product_listing_media_fit":"cover","product_listing_enlarge_prices":true,"product_listing_price_position":"below_title","product_listing_show_discount":true,"product_listing_discount_format":"save_percent","product_listing_show_star_rating":false,"product_listing_show_rating_count":false,"product_listing_show_custom_badges":true,"product_listing_badge_position":"top_left","cart_item_aspect_ratio":"portrait_alt","enable_free_shipping_bar":true,"free_shipping_threshold":"200","enable_cross_sells":true,"cross_sells_recommendations_type":"collection","collection":"","enable_header_search_product_types_choice":true,"predictive_search_product_style":"columns","predictive_search_show_vendor":false,"social_facebook_link":"","social_twitter_link":"","social_pinterest_link":"","social_instagram_link":"","social_snapchat_link":"","social_tiktok_link":"","social_tumblr_link":"","social_youtube_link":"","social_vimeo_link":"","social_linkedin_link":"","header_search_field_button_type":"transparent","color_popups_drawer_link":"#416eb5","low_inventory_warning_threshold":31,"capitalize_product_badges":true,"superscript_currency_symbol_prices":true,"supscript_cents_prices":true,"badge_style":"solid"},"Glow":{"color_background_body":"#fffbf9","color_text_link":"#7f5fca","color_text":"#121212","color_border":"#c6bcb9","color_accent":"#e3d9f3","color_accent_contrasting":"#121212","color_header_text":"#ffffff","color_header_background":"#000000","color_header_cart_dot":"#ffffff","color_header_cart_dot_text":"#121212","color_header_search_field_background":"#ffffff","color_header_search_field_border":"#ffffff","color_header_search_field_text":"#303030","color_main_menu_text":"#121212","color_main_menu_background":"#ffffff","color_text_footer":"#121212","color_background_footer":"#decbf4","color_button_primary_background":"#121212","color_button_primary_text":"#ffffff","color_button_secondary_background":"#decbf4","color_button_secondary_text":"#121212","color_form_input_text":"#444444","color_form_background":"#ffffff","color_products_sale_price":"#de0f2b","color_products_rating_star":"#ffcb42","color_button_floating_action_background":"#ffffff","color_button_floating_action_foreground":"#121212","color_products_stock_good":"#0d944b","color_products_stock_medium":"#e10808","color_free_shipping_bar_below_full":"#7f5fca","color_free_shipping_bar_full":"#0ea352","color_popups_drawer_text":"#333333","color_popups_drawer_links":"#7f5fca","color_popups_drawer_sale_price":"#de0f2b","color_popups_drawer_background":"#ffffff","color_popups_drawer_alternate_background":"#f4f4f4","popup_forms_color_style":"default","color_scheme_1_background_body":"#c0ffab","color_scheme_1_text":"#121212","color_scheme_2_background_body":"#121212","color_scheme_2_text":"#c4aaed","font_logo":"instrument_sans_n6","font_heading":"fraunces_n3","capitalize_headings":false,"heading_base_size":40,"heading_mobile_base_scale":90,"font_body":"instrument_sans_n4","body_base_size":15,"body_mobile_base_scale":94,"navigation_font":"body","bold_navigation":false,"capitalize_navigation":false,"navigation_base_size":15,"buttons_font":"body","bold_buttons":false,"capitalize_buttons":false,"product_listing_title_font":"heading","capitalize_product_listing_title":false,"product_listing_title_base_size":20,"product_badges_font":"body","bold_product_badges":false,"uppercase_product_badges":false,"prices_font":"body","bold_prices":false,"swatch_shape":"round","color_background_sale_badge":"#e40e47","color_text_sale_badge":"#ffffff","sale_badge_format":"percent_off","color_background_new_badge":"#000000","color_text_new_badge":"#ffffff","new_badge_product_source":"auto","new_badge_duration_in_days":14,"custom_product_badge_group_1_tag_names":"Ships fast","custom_product_badge_group_1_text_color":"#ffffff","custom_product_badge_group_2_tag_names":"Best Seller","custom_product_badge_group_2_background_color":"#7f5fca","custom_product_badge_group_2_text_color":"#ffffff","custom_product_badge_group_3_tag_names":"","custom_product_badge_group_3_background_color":"#2d2d2d","custom_product_badge_group_3_text_color":"#d7e47c","custom_product_badge_group_4_tag_names":"Clearance, Deal","custom_product_badge_group_4_background_color":"#ffffff","custom_product_badge_group_4_text_color":"#da0000","badge_shape":"rectangle","product_listing_show_vendor":true,"product_listing_show_subtitle":true,"product_listing_show_swatches":false,"product_listing_show_inventory_status":true,"enable_quick_view":true,"enable_quick_add":true,"quick_add_style":"text","product_listing_product_list_style":"default","product_listing_color_colored_tile":"#faf4ef","product_listing_content_alignment":"center","product_listing_product_title_text_limit":"1_line","product_listing_show_second_image_on_hover":true,"product_listing_aspect_ratio":"natural","product_listing_media_fit":"cover","product_listing_enlarge_prices":false,"product_listing_price_position":"below_title","product_listing_show_discount":false,"product_listing_discount_format":"save_percent","product_listing_show_star_rating":true,"product_listing_show_rating_count":true,"product_listing_show_sold_out_badge":true,"product_listing_badge_position":"top_left","cart_item_aspect_ratio":"square","enable_free_shipping_bar":true,"free_shipping_threshold":"50","enable_cross_sells":true,"cross_sells_recommendations_type":"product-list","collection":"","enable_header_search_product_types_choice":false,"predictive_search_max_result_size":5,"predictive_search_product_style":"columns","predictive_search_show_vendor":true,"social_facebook_link":"","social_twitter_link":"","social_pinterest_link":"","social_instagram_link":"","social_snapchat_link":"","social_tiktok_link":"","social_tumblr_link":"","social_youtube_link":"","social_vimeo_link":"","social_linkedin_link":"","enable_back_to_top":true,"header_search_field_button_type":"transparent","color_popups_drawer_link":"#416eb5","low_inventory_warning_threshold":31,"capitalize_product_badges":true,"superscript_currency_symbol_prices":true,"supscript_cents_prices":true,"badge_style":"solid"},"Barista":{"color_background_body":"#ffffff","color_text_link":"#416eb5","color_text":"#303030","color_border":"#d2d2d2","color_accent":"#105540","color_accent_contrasting":"#f8fde4","color_scheme_1_background_body":"#af5d31","color_scheme_1_text":"#fffef7","color_scheme_2_background_body":"#f1ecda","color_scheme_2_text":"#105540","color_header_text":"#303030","color_header_background":"#ffffff","color_header_cart_dot":"#dfea8d","color_header_cart_dot_text":"#000000","color_header_search_field_background":"#f2f2f2","color_header_search_field_border":"#f2f2f2","color_header_search_field_text":"#303030","header_search_field_button_type":"transparent","color_main_menu_text":"#303030","color_main_menu_background":"#ffffff","color_text_footer":"#ffffff","color_button_primary_background":"#105540","color_button_primary_text":"#f8fde4","color_button_secondary_background":"#f8fde4","color_button_secondary_text":"#105540","color_button_floating_action_background":"#105540","color_button_floating_action_foreground":"#f8fde4","color_form_input_text":"#444444","color_form_background":"#ffffff","color_products_rating_star":"#ffcb42","color_popups_drawer_text":"#333333","color_popups_drawer_link":"#416eb5","color_popups_drawer_background":"#ffffff","color_popups_drawer_alternate_background":"#f4f4f4","popup_forms_color_style":"default","color_background_footer":"#151515","font_logo":"figtree_n8","font_heading":"figtree_n8","capitalize_headings":false,"heading_base_size":36,"heading_mobile_base_scale":90,"font_body":"figtree_n4","body_base_size":15,"body_mobile_base_scale":100,"navigation_font":"body","capitalize_navigation":false,"navigation_base_size":15,"buttons_font":"heading","bold_buttons":false,"capitalize_buttons":true,"product_listing_title_font":"body","capitalize_product_listing_title":false,"product_listing_title_base_size":16,"product_badges_font":"body","prices_font":"body","bold_prices":true,"low_inventory_warning_threshold":31,"swatch_shape":"round","color_background_sale_badge":"#da0000","color_text_sale_badge":"#ffffff","sale_badge_format":"sale_text","color_background_new_badge":"#1f4a38","color_text_new_badge":"#f8fde4","new_badge_product_source":"auto","new_badge_duration_in_days":14,"custom_product_badge_group_1_tag_names":"Ships fast","custom_product_badge_group_1_text_color":"#f8f9da","custom_product_badge_group_2_tag_names":"","custom_product_badge_group_2_background_color":"#5053b0","custom_product_badge_group_2_text_color":"#f8f9da","custom_product_badge_group_3_tag_names":"Best Seller","custom_product_badge_group_3_background_color":"#2d2d2d","custom_product_badge_group_3_text_color":"#d7e47c","custom_product_badge_group_4_tag_names":"Clearance, Deal","custom_product_badge_group_4_text_color":"#da0000","badge_shape":"pill","product_listing_show_subtitle":true,"product_listing_show_swatches":true,"product_listing_show_inventory_status":true,"enable_quick_view":true,"enable_quick_add":true,"quick_add_style":"icon","product_listing_product_list_style":"bordered_grid","product_listing_color_colored_tile":"#ffffff","product_listing_content_alignment":"left","product_listing_product_title_text_limit":"no_limit","product_listing_show_second_image_on_hover":false,"product_listing_aspect_ratio":"portrait_alt","product_listing_media_fit":"cover","product_listing_enlarge_prices":false,"product_listing_price_position":"below_title","product_listing_show_discount":true,"product_listing_discount_format":"save_percent","product_listing_show_star_rating":true,"product_listing_show_rating_count":true,"product_listing_badge_position":"bottom_left","cart_item_aspect_ratio":"portrait_alt","enable_free_shipping_bar":true,"free_shipping_threshold":"200","enable_cross_sells":true,"cross_sells_recommendations_type":"product-list","collection":"","social_facebook_link":"","social_twitter_link":"","social_pinterest_link":"","social_instagram_link":"","social_snapchat_link":"","social_tiktok_link":"","social_tumblr_link":"","social_youtube_link":"","social_vimeo_link":"","social_linkedin_link":"","capitalize_product_badges":true,"superscript_currency_symbol_prices":true,"supscript_cents_prices":true,"badge_style":"solid"},"Botanical":{"color_background_body":"#faf6f2","color_text_link":"#545746","color_text":"#171219","color_border":"#000000","color_accent":"#545746","color_accent_contrasting":"#e3dfda","color_header_text":"#171219","color_header_background":"#faf6f2","color_header_cart_dot":"#d8d8f5","color_header_cart_dot_text":"#ffffff","color_header_search_field_background":"#e3dfda","color_header_search_field_border":"#e3dfda","color_header_search_field_text":"#171219","color_main_menu_text":"#171219","color_main_menu_background":"#faf6f2","color_text_footer":"#faf6f2","color_background_footer":"#545746","color_button_primary_background":"#545746","color_button_primary_text":"#faf6f2","color_button_secondary_background":"#d8d8f5","color_button_secondary_text":"#545746","color_form_input_text":"#545746","color_form_background":"#faf6f2","color_products_sale_price":"#ea572b","color_products_rating_star":"#a48155","color_button_floating_action_background":"#d8d8f5","color_button_floating_action_foreground":"#545746","color_products_stock_good":"#4e5e45","color_products_stock_medium":"#ea572b","color_products_stock_bad":"#545746","color_free_shipping_bar_below_full":"#545746","color_free_shipping_bar_full":"#545746","color_popups_drawer_text":"#171219","color_popups_drawer_links":"#545746","color_popups_drawer_sale_price":"#ea572b","color_popups_drawer_background":"#faf6f2","color_popups_drawer_alternate_background":"#e3dfda","popup_forms_color_style":"default","color_scheme_1_background_body":"#545746","color_scheme_1_text":"#faf6f2","color_scheme_2_background_body":"#a48155","color_scheme_2_text":"#faf6f2","font_logo":"newsreader_i3","logo_letter_spacing":-20,"logo_base_size":32,"font_heading":"newsreader_n3","capitalize_headings":false,"heading_base_size":52,"heading_mobile_base_scale":70,"font_body":"assistant_n4","body_base_size":17,"body_mobile_base_scale":94,"navigation_font":"body","bold_navigation":true,"capitalize_navigation":false,"navigation_base_size":16,"buttons_font":"body","bold_buttons":true,"capitalize_buttons":true,"product_listing_title_font":"heading","capitalize_product_listing_title":false,"product_listing_title_base_size":22,"product_badges_font":"body","prices_font":"body","bold_prices":true,"swatch_shape":"rectangle","color_background_sale_badge":"#ea572b","color_text_sale_badge":"#faf6f2","sale_badge_format":"sale_text","color_background_sold_badge":"#e3dfda","color_text_sold_badge":"#545746","color_background_new_badge":"#d8d8f5","color_text_new_badge":"#4e5e45","new_badge_product_source":"auto","new_badge_duration_in_days":14,"custom_product_badge_group_1_tag_names":"Ships fast","custom_product_badge_group_1_background_color":"#4e5e45","custom_product_badge_group_1_text_color":"#e3dfda","custom_product_badge_group_2_tag_names":"","custom_product_badge_group_2_background_color":"#5053b0","custom_product_badge_group_2_text_color":"#f8f9da","custom_product_badge_group_3_tag_names":"Best Seller","custom_product_badge_group_3_background_color":"#bcd0dd","custom_product_badge_group_3_text_color":"#545746","custom_product_badge_group_4_tag_names":"Clearance, Deal","custom_product_badge_group_4_background_color":"#ea572b","custom_product_badge_group_4_text_color":"#e3dfda","badge_shape":"rectangle","product_listing_show_vendor":false,"product_listing_show_subtitle":true,"product_listing_show_swatches":true,"product_listing_show_inventory_status":true,"enable_quick_view":true,"enable_quick_add":true,"quick_add_style":"text","product_listing_product_list_style":"bordered_grid","product_listing_color_colored_tile":"#faf6f2","product_listing_content_alignment":"center","product_listing_product_title_text_limit":"no_limit","product_listing_show_second_image_on_hover":true,"product_listing_aspect_ratio":"portrait_alt","product_listing_media_fit":"cover","product_listing_enlarge_prices":false,"product_listing_price_position":"below_title","product_listing_show_discount":true,"product_listing_discount_format":"amount_off","product_listing_show_star_rating":true,"product_listing_show_rating_count":true,"product_listing_badge_position":"top_right","cart_item_aspect_ratio":"portrait_alt","enable_free_shipping_bar":true,"free_shipping_threshold":"200","enable_cross_sells":true,"cross_sells_recommendations_type":"collection","collection":"all","enable_header_search_product_types_choice":true,"predictive_search_max_result_size":5,"predictive_search_product_style":"columns","social_facebook_link":"","social_twitter_link":"","social_pinterest_link":"","social_instagram_link":"","social_snapchat_link":"","social_tiktok_link":"","social_tumblr_link":"","social_youtube_link":"","social_vimeo_link":"","social_linkedin_link":"","enable_back_to_top":true,"header_search_field_button_type":"transparent","color_popups_drawer_link":"#416eb5","low_inventory_warning_threshold":31,"capitalize_product_badges":true,"superscript_currency_symbol_prices":true,"supscript_cents_prices":true,"badge_style":"solid"},"Origami":{"color_background_body":"#f5f5f6","color_text_link":"#5c5dca","color_text":"#393939","color_border":"#dbdbdb","color_accent":"#ded9ff","color_accent_contrasting":"#130723","color_scheme_1_background_body":"#e8e4e4","color_scheme_1_text":"#1b0b29","color_scheme_2_background_body":"#31123e","color_scheme_2_text":"#ffffff","color_header_text":"#ffffff","color_header_background":"#401541","color_header_cart_dot":"#8d5cb4","color_header_cart_dot_text":"#ffffff","color_header_search_field_background":"#ffffff","color_header_search_field_border":"#f2f2f2","color_header_search_field_text":"#303030","color_main_menu_text":"#303030","color_main_menu_background":"#ffffff","color_text_footer":"#ffffff","color_button_primary_background":"#8d5cb4","color_button_primary_text":"#ffffff","color_button_secondary_background":"#3d3545","color_button_secondary_text":"#ffffff","color_button_floating_action_background":"#ffffff","color_button_floating_action_foreground":"#1d1d1d","color_form_input_text":"#444444","color_form_background":"#ffffff","color_products_sale_price":"#ca1939","color_products_rating_star":"#f5b03a","color_products_stock_good":"#138749","color_products_stock_medium":"#8b7310","color_products_stock_bad":"#a70100","color_free_shipping_bar_below_full":"#138749","color_free_shipping_bar_full":"#138749","color_popups_drawer_text":"#393939","color_popups_drawer_links":"#5c5dca","color_popups_drawer_background":"#ffffff","color_popups_drawer_alternate_background":"#f5f5f6","popup_forms_color_style":"default","color_background_footer":"#1b0c29","font_logo":"poppins_n4","logo_mobile_base_scale":85,"font_heading":"jost_n4","capitalize_headings":false,"heading_base_size":40,"heading_mobile_base_scale":90,"font_body":"jost_n4","body_base_size":16,"body_mobile_base_scale":95,"navigation_font":"body","bold_navigation":true,"capitalize_navigation":true,"navigation_base_size":16,"buttons_font":"body","bold_buttons":true,"capitalize_buttons":true,"product_listing_title_font":"heading","capitalize_product_listing_title":false,"product_listing_title_base_size":20,"product_badges_font":"body","prices_font":"body","bold_prices":true,"swatch_shape":"round","color_background_sale_badge":"#d43245","color_text_sale_badge":"#ffffff","sale_badge_format":"sale_text","color_background_new_badge":"#ded9ff","color_text_new_badge":"#31154d","new_badge_product_source":"auto","new_badge_duration_in_days":14,"custom_product_badge_group_1_tag_names":"Ships fast","custom_product_badge_group_1_text_color":"#ffffff","custom_product_badge_group_2_tag_names":"Artist's Pick","custom_product_badge_group_2_background_color":"#f2e1c3","custom_product_badge_group_2_text_color":"#7c5701","custom_product_badge_group_3_tag_names":"Best Seller","custom_product_badge_group_3_background_color":"#31154d","custom_product_badge_group_3_text_color":"#ffffff","custom_product_badge_group_4_tag_names":"Clearance, Deal","custom_product_badge_group_4_text_color":"#da0000","badge_shape":"rounded_rectangle","product_listing_show_vendor":true,"product_listing_show_subtitle":true,"product_listing_show_swatches":true,"product_listing_show_inventory_status":true,"enable_quick_view":true,"enable_quick_add":true,"quick_add_style":"icon","product_listing_product_list_style":"default","product_listing_color_colored_tile":"#f4f4f4","product_listing_content_alignment":"center","product_listing_product_title_text_limit":"no_limit","product_listing_show_second_image_on_hover":false,"product_listing_aspect_ratio":"square","product_listing_media_fit":"cover","product_listing_enlarge_prices":false,"product_listing_price_position":"below_title","product_listing_show_discount":true,"product_listing_discount_format":"percent_off","product_listing_show_star_rating":true,"product_listing_show_rating_count":true,"product_listing_show_sale_badge":false,"product_listing_show_sold_out_badge":false,"product_listing_badge_position":"top_left","cart_item_aspect_ratio":"portrait_alt","enable_free_shipping_bar":true,"free_shipping_threshold":"75","cart_low_inventory_warning_threshold":20,"enable_cross_sells":true,"cross_sells_show_thumbnails":true,"cross_sells_max_products":3,"cross_sells_recommendations_type":"product-list","enable_header_search_product_types_choice":false,"predictive_search_product_style":"columns","social_facebook_link":"","social_twitter_link":"","social_pinterest_link":"","social_instagram_link":"","social_snapchat_link":"","social_tiktok_link":"","social_tumblr_link":"","social_youtube_link":"","social_vimeo_link":"","social_linkedin_link":"","header_search_field_button_type":"transparent","color_popups_drawer_link":"#416eb5","low_inventory_warning_threshold":31,"capitalize_product_badges":true,"superscript_currency_symbol_prices":true,"supscript_cents_prices":true,"badge_style":"solid"}}}