{
  "type": "header",
  "name": "t:groups.header_group.name",
  "sections": {
    "announcement-bar": {
      "type": "announcement-bar",
      "blocks": {
        "5ead3ce2-32e3-4045-b7d6-59031d387b93": {
          "type": "announcement",
          "settings": {
            "title": "<p>Free shipping on all orders over $50</p>",
            "title_mobile": "",
            "link": "",
            "enable_modal": true,
            "modal_link_text": "Learn more",
            "modal_link_style": "text",
            "modal_heading": "Shipping information",
            "heading_tag": "h3",
            "modal_text": "<p>Add your information popup content here</p>",
            "page_for_modal_content": ""
          }
        },
        "f91add97-e178-4ed5-8344-501f71d2d66e": {
          "type": "announcement",
          "settings": {
            "title": "<p>Shop our annual sale for up to 30% off!</p>",
            "title_mobile": "",
            "link": "",
            "enable_modal": false,
            "modal_link_text": "Click for details",
            "modal_link_style": "text",
            "modal_heading": "",
            "heading_tag": "h3",
            "modal_text": "<p>Add your information popup content here</p>",
            "page_for_modal_content": ""
          }
        }
      },
      "block_order": [
        "5ead3ce2-32e3-4045-b7d6-59031d387b93",
        "f91add97-e178-4ed5-8344-501f71d2d66e"
      ],
      "settings": {
        "autoplay_delay": 8,
        "color_text": "#1e1e1e",
        "color_background": "#f1eafa",
        "show_divider": false,
        "enable_locale_selector": true,
        "enable_country_selector": true,
        "show_country_flags": true,
        "show_social_media": true,
        "menu": "secondary-menu"
      }
    },
    "header": {
      "type": "header",
      "blocks": {
        "meganav_simple_dYnYht": {
          "type": "meganav_simple",
          "settings": {
            "title": "",
            "header_area_heading": "Mega menu",
            "header_link_link": "",
            "header_link_label": "",
            "nav_column_count": 3,
            "show_column_borders": true
          }
        },
        "meganav_image_with_text_Mm9NR9": {
          "type": "meganav_image_with_text",
          "settings": {
            "title": "",
            "header_area_heading": "Mega menu",
            "header_link_link": "",
            "header_link_label": "",
            "nav_column_count": 3,
            "show_column_borders": true,
            "promo_width": 50,
            "promo_heading_text": "Promotions",
            "image_aspect_ratio": "square",
            "image_position": "above_text",
            "promo_column_count": 2,
            "promo_1_enabled": true,
            "promo_1_heading": "Promo 1",
            "promo_1_text": "Promote a product, collection, or blog post",
            "promo_1_link": "",
            "promo_1_link_text": "",
            "promo_2_enabled": true,
            "promo_2_heading": "Promo 2",
            "promo_2_text": "Promote a product, collection, or blog post",
            "promo_2_link": "",
            "promo_2_link_text": "",
            "promo_3_enabled": false,
            "promo_3_heading": "Promo 3",
            "promo_3_text": "Promote a product, collection, or blog post",
            "promo_3_link": "",
            "promo_3_link_text": "",
            "promo_4_enabled": false,
            "promo_4_heading": "Promo 4",
            "promo_4_text": "Promote a product, collection, or blog post",
            "promo_4_link": "",
            "promo_4_link_text": ""
          }
        },
        "meganav_collection_images_GV8tYq": {
          "type": "meganav_collection_images",
          "settings": {
            "title": "",
            "header_area_heading": "Mega menu",
            "header_link_link": "",
            "header_link_label": "",
            "nav_column_count": 4,
            "show_column_borders": true,
            "image_source": "collection",
            "image_aspect_ratio": "landscape"
          }
        },
        "meganav_promo_products_tfYh7x": {
          "type": "meganav_promo_products",
          "settings": {
            "title": "",
            "header_area_heading": "Mega menu",
            "header_link_link": "",
            "header_link_label": "",
            "nav_column_count": 3,
            "show_column_borders": true,
            "promo_width": 50,
            "promo_heading_text": "Promoted products",
            "products": [],
            "image_aspect_ratio": "use_theme_settings",
            "layout": "list",
            "show_product_vendor": true,
            "show_product_subtitles": false,
            "show_product_prices": true
          }
        },
        "meganav_promo_collections_9V9xeY": {
          "type": "meganav_promo_collections",
          "settings": {
            "title": "",
            "header_area_heading": "Mega menu",
            "header_link_link": "",
            "header_link_label": "",
            "nav_column_count": 3,
            "show_column_borders": true,
            "promo_width": 50,
            "promo_heading_text": "Promoted collections",
            "collections": [],
            "promo_column_count": 2,
            "image_source": "collection",
            "image_aspect_ratio": "landscape",
            "collection_title_style": "overlay",
            "text_position": "flex-start_flex-end",
            "image_overlay_tint_opacity": 50,
            "image_overlay_tint_style": "solid",
            "image_overlay_override_with_custom_colors": false,
            "image_overlay_override_color_text": "#ffffff",
            "image_overlay_override_color_tint": "#000000"
          }
        }
      },
      "block_order": [
        "meganav_simple_dYnYht",
        "meganav_image_with_text_Mm9NR9",
        "meganav_collection_images_GV8tYq",
        "meganav_promo_products_tfYh7x",
        "meganav_promo_collections_9V9xeY"
      ],
      "settings": {
        "layout": "below_logo_left_search_center",
        "layout_mobile": "logo_left_menu_right",
        "enable_sticky_header": true,
        "drop_shadow": "line",
        "logo_width": 90,
        "mobile_logo_width": 70,
        "enable_transparent_on_home": false,
        "enable_transparent_template_list": "",
        "enable_transparent_background_tint": true,
        "color_text_transparent": "#ffffff",
        "menu": "main-menu",
        "menu_interaction": "hover",
        "featured_link_label": "Sale",
        "featured_link_color": "#e41148",
        "show_account_label": false,
        "show_cart_label": true,
        "show_search_label": true,
        "cart_label": "cart",
        "cart_icon": "cart",
        "enable_quick_sign_in": true,
        "enable_search": true,
        "desktop_search_appearance": "bar",
        "mobile_search_appearance": "bar"
      }
    },
    "mobile-menu": {
      "type": "mobile-menu",
      "blocks": {
        "promoted_collections_qqj93W": {
          "type": "promoted_collections",
          "settings": {
            "submenu_name": "",
            "block_position": "top",
            "title": "Promoted collections",
            "heading_tag": "h3",
            "collections": [],
            "layout": "2_col",
            "image_source": "collection",
            "image_aspect_ratio": "square",
            "collection_title_style": "overlay",
            "text_position": "flex-start_flex-end",
            "image_overlay_tint_opacity": 50,
            "image_overlay_tint_style": "solid",
            "image_overlay_override_with_custom_colors": false,
            "image_overlay_override_color_text": "#ffffff",
            "image_overlay_override_color_tint": "#000000"
          }
        },
        "promoted_products_yk3HAH": {
          "type": "promoted_products",
          "settings": {
            "submenu_name": "",
            "block_position": "top",
            "title": "Promoted products",
            "heading_tag": "h3",
            "products": [],
            "image_size": "large",
            "image_aspect_ratio": "use_theme_settings",
            "layout": "columns",
            "show_product_vendor": false,
            "show_product_subtitles": false,
            "show_product_prices": true
          }
        },
        "promoted_text_VQPyiA": {
          "type": "promoted_text",
          "settings": {
            "submenu_name": "",
            "block_position": "top",
            "title": "Promoted text",
            "heading_tag": "h3",
            "text": "<p>Use this text to share announcements or information with your customers.</p>"
          }
        }
      },
      "block_order": [
        "promoted_collections_qqj93W",
        "promoted_products_yk3HAH",
        "promoted_text_VQPyiA"
      ],
      "settings": {
        "logo_width": 160,
        "menu_main": "main-menu",
        "menu_secondary": "secondary-menu",
        "featured_link_label": "Sale",
        "featured_link_color": "#db4827",
        "enable_quick_sign_in": true,
        "show_social_media": true,
        "social_media_icons_columns": 5,
        "enable_locale_selector": true,
        "enable_country_selector": true
      }
    }
  },
  "order": ["announcement-bar", "header", "mobile-menu"]
}
