{
  "type": "custom.overlay",
  "name": "t:groups.overlay_group.name",
  "sections": {
    "quick-cart": {
      "type": "quick-cart",
      "settings": {
        "enable_quick_cart": true,
        "show_product_currency": false,
        "promotion_text": "<p>Not sure where to start? Try these collections:</p>",
        "collection_list": [],
        "collection_list_button_style": "primary"
      }
    },
    "popup": { "type": "popup", "settings": {} }
  },
  "order": ["quick-cart", "popup"]
}
