{
  "sections": {
    "banner": {
      "type": "main-collection-banner",
      "settings": {
        "show_breadcrumbs": false,
        "show_collection_description": true,
        "collection_description_truncate_num_lines": "2",
        "show_collection_image": true,
        "background_image_focal_point": "image_presentation",
        "background_image_mobile_focal_point": "image_presentation",
        "image_height_type": "custom",
        "custom_height_desktop": "350px",
        "custom_height_mobile": "250px",
        "text_position": "flex-start_flex-end",
        "text_position_mobile": "flex-start_flex-end",
        "image_overlay_tint_opacity": 30,
        "image_overlay_tint_style": "gradient_up",
        "image_overlay_override_with_custom_colors": false,
        "image_overlay_override_color_text": "#ffffff",
        "image_overlay_override_color_tint": "#000000",
        "section_style_spacing_top": 0,
        "section_style_spacing_bottom": 0,
        "section_style_enable_animation": true
      }
    },
    "quick-links": {
      "type": "quick-links",
      "blocks": {
        "link-1": {
          "type": "link",
          "settings": { "url": "", "title": "Face" }
        },
        "link-2": {
          "type": "link",
          "settings": { "url": "", "title": "Body" }
        },
        "link-3": {
          "type": "link",
          "settings": { "url": "", "title": "Lotions" }
        },
        "link-4": {
          "type": "link",
          "settings": { "url": "", "title": "Oils" }
        },
        "link-5": {
          "type": "link",
          "settings": { "url": "", "title": "Mists" }
        },
        "link-6": {
          "type": "link",
          "settings": { "url": "", "title": "Bundles" }
        }
      },
      "block_order": [
        "link-1",
        "link-2",
        "link-3",
        "link-4",
        "link-5",
        "link-6"
      ],
      "disabled": true,
      "settings": {
        "center_content": false,
        "preheading": "Shop new in:",
        "heading": "",
        "section_header_heading_tag": "h2",
        "subheading": "",
        "section_header_subheading_tag": "h2",
        "maximum_content_width": 600,
        "link_source": "custom_list",
        "menu": "",
        "link_font": "body",
        "text_size": "medium",
        "link_shape": "rectangle",
        "link_color": "current",
        "outline_links": true,
        "layout_desktop": "slider",
        "layout_mobile": "slider",
        "content_alignment": "left",
        "color_scheme": "default",
        "override_with_custom_colors": false,
        "override_color_text": "#393939",
        "override_color_background": "#ffffff",
        "section_style_spacing_top": 12,
        "section_style_spacing_bottom": 48,
        "section_style_enable_animation": true
      }
    },
    "collection-list": {
      "type": "collection-list",
      "disabled": true,
      "custom_css": [],
      "settings": {
        "center_content": false,
        "preheading": "TODO",
        "heading": "",
        "section_header_heading_tag": "h2",
        "subheading": "",
        "section_header_subheading_tag": "h2",
        "button_link": "",
        "button_label": "",
        "button_style": "primary",
        "maximum_content_width": 650,
        "collections": [],
        "num_columns": "6",
        "num_rows": "all",
        "enable_slider_desktop": true,
        "num_columns_mobile": "3",
        "num_rows_mobile": "all",
        "enable_slider_mobile": true,
        "show_product_counts": false,
        "collection_item_style": "plain",
        "image_source": "collection",
        "image_aspect_ratio": "square",
        "image_circle_crop_enable": true,
        "image_spacing": 0,
        "title_font_type": "body",
        "text_alignment": "center",
        "section_style_spacing_top": 12,
        "section_style_spacing_bottom": 40,
        "section_style_enable_animation": true
      }
    },
    "main-collection-product-grid": {
      "type": "main-collection-product-grid",
      "settings": {
        "num_columns": "4",
        "num_rows": "12",
        "show_item_count": true,
        "enable_grid_mode": false,
        "default_grid_mode": "grid",
        "enable_sticky_filter_sidebar": true,
        "show_sort": true,
        "show_filters": true,
        "filter_search_groups": "",
        "collapse_filter_sidebar": false,
        "collapse_filter_groups_desktop": false,
        "truncate_filter_list": true,
        "truncate_filter_list_amount": 7,
        "show_swatch_filters": true,
        "show_chip_filters": true,
        "chip_layout": "2col",
        "pagination": "click",
        "section_style_enable_animation": true
      }
    }
  },
  "order": [
    "banner",
    "quick-links",
    "collection-list",
    "main-collection-product-grid"
  ]
}
