{
  "sections": {
    "video-hero": {
      "type": "video-hero",
      "blocks": {
        "accent": {
          "type": "accent",
          "settings": {
            "text": "High Performing SPF",
            "accent_font_size": 3,
            "accent_divider_enable": true,
            "accent_divider_color": "accent"
          }
        },
        "heading": {
          "type": "heading",
          "settings": {
            "title": "Get The Glow",
            "heading_tag": "h3",
            "heading_font_size": 8
          }
        },
        "text": {
          "type": "text",
          "disabled": true,
          "settings": {
            "text": "<p>Use this section to promote a particular feature with editorial video.</p>",
            "text_font_size": 3
          }
        },
        "button-1": {
          "type": "button",
          "settings": {
            "button_link": "",
            "button_label": "Shop now",
            "button_style": "secondary"
          }
        },
        "button-2": {
          "type": "button",
          "settings": {
            "button_link": "",
            "button_label": "About us",
            "button_style": "solid"
          }
        }
      },
      "block_order": ["accent", "heading", "text", "button-1", "button-2"],
      "settings": {
        "enable_full_width": true,
        "image_height_type": "custom",
        "custom_height_desktop": "550px",
        "custom_height_mobile": "80vh",
        "video_focal_point": "center",
        "mobile_video_focal_point": "center",
        "media_link": "",
        "content_max_width": 400,
        "text_position": "center_center",
        "text_position_mobile": "center_center",
        "image_overlay_tint_opacity": 30,
        "image_overlay_tint_style": "solid",
        "image_overlay_override_with_custom_colors": false,
        "image_overlay_override_color_text": "#ffffff",
        "image_overlay_override_color_tint": "#000000",
        "enable_text_box": false,
        "text_box_style": "solid_thin",
        "text_box_color_scheme": "default",
        "text_box_override_with_custom_colors": true,
        "text_box_override_color_text": "#393939",
        "text_box_override_color_background": "#ffffff",
        "section_style_spacing_top": 0,
        "section_style_spacing_bottom": 0,
        "section_style_enable_animation": true
      }
    },
    "collection-list": {
      "type": "collection-list",
      "settings": {
        "center_content": false,
        "preheading": "",
        "heading": "Shop by category",
        "section_header_heading_tag": "h2",
        "subheading": "",
        "section_header_subheading_tag": "h2",
        "button_link": "",
        "button_label": "",
        "button_style": "primary",
        "maximum_content_width": 650,
        "collections": [],
        "num_columns": "6",
        "num_rows": "all",
        "enable_slider_desktop": true,
        "num_columns_mobile": "2",
        "num_rows_mobile": "all",
        "enable_slider_mobile": true,
        "show_product_counts": true,
        "collection_item_style": "plain",
        "image_source": "collection",
        "image_aspect_ratio": "square",
        "image_circle_crop_enable": true,
        "image_spacing": 0,
        "title_font_type": "body",
        "text_alignment": "center",
        "section_style_spacing_top": 36,
        "section_style_spacing_bottom": 36,
        "section_style_enable_animation": true
      }
    },
    "media_with_content_split": {
      "type": "media-with-content-split",
      "blocks": {
        "accent_LPkEVw": {
          "type": "accent",
          "settings": {
            "text": "Up To",
            "accent_font_size": 3,
            "accent_divider_enable": true,
            "accent_divider_color": "accent"
          }
        },
        "spacer_XqWF7D": { "type": "spacer", "settings": { "space": 12 } },
        "heading_8LirHx": {
          "type": "heading",
          "settings": {
            "title": "30% OFF",
            "heading_tag": "h3",
            "heading_font_size": 8
          }
        },
        "heading_CTH9Eq": {
          "type": "heading",
          "settings": {
            "title": "The Annual Sale Event",
            "heading_tag": "h3",
            "heading_font_size": 3
          }
        },
        "text_YdHDjj": {
          "type": "text",
          "disabled": true,
          "settings": {
            "text": "<p>Use this section to promote a particular feature with editorial photography and videography</p>",
            "text_font_size": 3
          }
        },
        "spacer_ENdttV": { "type": "spacer", "settings": { "space": 20 } },
        "button_xiVNMP": {
          "type": "button",
          "settings": {
            "button_link": "",
            "button_label": "Shop sale",
            "button_style": "solid"
          }
        }
      },
      "block_order": [
        "accent_LPkEVw",
        "spacer_XqWF7D",
        "heading_8LirHx",
        "heading_CTH9Eq",
        "text_YdHDjj",
        "spacer_ENdttV",
        "button_xiVNMP"
      ],
      "settings": {
        "media_width": 50,
        "media_position_desktop": "right",
        "media_position_mobile": "above",
        "media_type": "image",
        "media_aspect_ratio": "square",
        "mobile_media_aspect_ratio": "square",
        "media_focal_point": "center",
        "mobile_media_focal_point": "center",
        "content_width": "full",
        "custom_width": 500,
        "content_alignment": "center",
        "color_scheme": "color_scheme_2",
        "override_with_custom_colors": false,
        "override_color_text": "#393939",
        "override_color_background": "#ffffff",
        "section_style_spacing_top": 0,
        "section_style_spacing_bottom": 0,
        "section_style_enable_animation": true
      }
    },
    "rich-text": {
      "type": "rich-text",
      "blocks": {
        "button-1": {
          "type": "button",
          "settings": {
            "button_link": "",
            "button_label": "Shop Under $100",
            "button_style": "primary"
          }
        },
        "button-2": {
          "type": "button",
          "settings": {
            "button_link": "",
            "button_label": "Under $75",
            "button_style": "primary"
          }
        },
        "button-3": {
          "type": "button",
          "settings": {
            "button_link": "",
            "button_label": "Under $50",
            "button_style": "primary"
          }
        },
        "button-4": {
          "type": "button",
          "settings": {
            "button_link": "",
            "button_label": "Under $25",
            "button_style": "primary"
          }
        },
        "button-5": {
          "type": "button",
          "settings": {
            "button_link": "",
            "button_label": "Under $10",
            "button_style": "primary"
          }
        },
        "text": {
          "type": "text",
          "settings": {
            "text": "<p>Exclusions and terms apply. Discount applied at checkout.</p>",
            "text_font_size": 2
          }
        }
      },
      "block_order": [
        "button-1",
        "button-2",
        "button-3",
        "button-4",
        "button-5",
        "text"
      ],
      "settings": {
        "alignment": "center_center",
        "content_width": "full",
        "custom_content_width": 700,
        "color_scheme": "accent",
        "override_with_custom_colors": false,
        "override_color_text": "#393939",
        "override_color_background": "#ffffff",
        "section_style_spacing_top": 36,
        "section_style_spacing_bottom": 32,
        "section_style_enable_animation": true
      }
    },
    "featured-collection-1": {
      "type": "featured-collection",
      "settings": {
        "center_content": false,
        "preheading": "",
        "heading": "Our Best Deals",
        "section_header_heading_tag": "h2",
        "subheading": "",
        "section_header_subheading_tag": "h2",
        "maximum_content_width": 650,
        "button_1_button_link": "",
        "button_1_button_label": "",
        "button_1_button_style": "primary",
        "button_2_button_link": "",
        "button_2_button_label": "",
        "button_2_button_style": "tertiary",
        "button_position": "header",
        "collection": "",
        "maximum_products": 10,
        "num_columns": "4",
        "num_columns_mobile": "2",
        "enable_slider_desktop": true,
        "enable_slider_mobile": true,
        "show_view_all_tile": true,
        "tile_location": "beginning",
        "accent": "",
        "title": "",
        "heading_tag": "h3",
        "text": "",
        "text_position": "flex-start_flex-start",
        "color_scheme": "accent",
        "override_with_custom_colors": false,
        "override_color_text": "#393939",
        "override_color_background": "#ffffff",
        "background_image_focal_point": "image_presentation",
        "image_overlay_tint_opacity": 0,
        "image_overlay_tint_style": "solid",
        "image_overlay_override_with_custom_colors": false,
        "image_overlay_override_color_text": "#ffffff",
        "image_overlay_override_color_tint": "#000000",
        "section_style_spacing_top": 36,
        "section_style_spacing_bottom": 36,
        "section_style_enable_animation": true
      }
    },
    "featured-collection-2": {
      "type": "featured-collection",
      "settings": {
        "center_content": false,
        "preheading": "",
        "heading": "Daily Essentials",
        "section_header_heading_tag": "h2",
        "subheading": "Shop our award-winning SPF essentials your skin will love you for!",
        "section_header_subheading_tag": "h2",
        "maximum_content_width": 650,
        "button_1_button_link": "",
        "button_1_button_label": "",
        "button_1_button_style": "primary",
        "button_2_button_link": "",
        "button_2_button_label": "",
        "button_2_button_style": "tertiary",
        "button_position": "header",
        "collection": "",
        "maximum_products": 9,
        "num_columns": "4",
        "num_columns_mobile": "2",
        "enable_slider_desktop": true,
        "enable_slider_mobile": true,
        "show_view_all_tile": true,
        "tile_location": "beginning",
        "accent": "",
        "title": "",
        "heading_tag": "h3",
        "text": "",
        "text_position": "flex-start_flex-start",
        "color_scheme": "accent",
        "override_with_custom_colors": false,
        "override_color_text": "#393939",
        "override_color_background": "#ffffff",
        "background_image_focal_point": "image_presentation",
        "image_overlay_tint_opacity": 10,
        "image_overlay_tint_style": "gradient_down",
        "image_overlay_override_with_custom_colors": false,
        "image_overlay_override_color_text": "#ffffff",
        "image_overlay_override_color_tint": "#000000",
        "section_style_spacing_top": 36,
        "section_style_spacing_bottom": 36,
        "section_style_enable_animation": true
      }
    },
    "image-hero": {
      "type": "image-hero",
      "blocks": {
        "accent": {
          "type": "accent",
          "settings": {
            "text": "SPF like a pro",
            "accent_font_size": 5,
            "accent_divider_enable": true,
            "accent_divider_color": "accent"
          }
        },
        "heading": {
          "type": "heading",
          "settings": {
            "title": "Protect The Skin You're In",
            "heading_tag": "h3",
            "heading_font_size": 6
          }
        },
        "text": {
          "type": "text",
          "settings": {
            "text": "<p>Award-winning Skincare SPF for Skincare Lovers</p>",
            "text_font_size": 3
          }
        },
        "button": {
          "type": "button",
          "settings": {
            "button_link": "",
            "button_label": "Shop all",
            "button_style": "secondary"
          }
        }
      },
      "block_order": ["accent", "heading", "text", "button"],
      "settings": {
        "enable_full_width": true,
        "image_height_type": "custom",
        "custom_height_desktop": "650px",
        "custom_height_mobile": "450px",
        "background_image_focal_point": "image_presentation",
        "background_image_mobile_focal_point": "image_presentation",
        "media_link": "",
        "content_max_width": 700,
        "text_position": "center_center",
        "text_position_mobile": "center_center",
        "image_overlay_tint_opacity": 50,
        "image_overlay_tint_style": "solid",
        "image_overlay_override_with_custom_colors": false,
        "image_overlay_override_color_text": "#ffffff",
        "image_overlay_override_color_tint": "#000000",
        "enable_text_box": false,
        "text_box_style": "soft_small",
        "text_box_color_scheme": "default",
        "text_box_override_with_custom_colors": false,
        "text_box_override_color_text": "#393939",
        "text_box_override_color_background": "#ffffff",
        "section_style_spacing_top": 0,
        "section_style_spacing_bottom": 0,
        "section_style_enable_animation": true
      }
    },
    "overlapping_media_with_content": {
      "type": "overlapping-media-with-content",
      "blocks": {
        "heading_zNmLAr": {
          "type": "heading",
          "settings": {
            "title": "Get Your Glow Balm Sticks",
            "heading_tag": "h3",
            "heading_font_size": 5
          }
        },
        "text_t9Ar38": {
          "type": "text",
          "settings": {
            "text": "<p>Multi-purpose skincare, SPF & makeup in one easy to apply stick.</p>",
            "text_font_size": 3
          }
        },
        "button_RYDmRH": {
          "type": "button",
          "settings": {
            "button_link": "",
            "button_label": "Shop Now",
            "button_style": "primary"
          }
        }
      },
      "block_order": ["heading_zNmLAr", "text_t9Ar38", "button_RYDmRH"],
      "settings": {
        "media_width": 45,
        "media_position_desktop": "right",
        "media_position_mobile": "above",
        "media_1_type": "image",
        "media_1_aspect_ratio": "square",
        "mobile_media_1_aspect_ratio": "square",
        "media_1_focal_point": "center",
        "mobile_media_1_focal_point": "center",
        "media_caption": "",
        "enable_media_2": false,
        "media_2_type": "image",
        "media_2_aspect_ratio": "square",
        "mobile_media_2_aspect_ratio": "square",
        "media_2_focal_point": "center",
        "mobile_media_2_focal_point": "center",
        "content_width": "full",
        "custom_width": 500,
        "content_alignment": "left",
        "color_scheme": "accent",
        "override_with_custom_colors": false,
        "override_color_text": "#393939",
        "override_color_background": "#ffffff",
        "section_style_spacing_top": 0,
        "section_style_spacing_bottom": 0,
        "section_style_enable_animation": true
      }
    },
    "featured-collection-with-media-1": {
      "type": "featured-collection-with-media",
      "blocks": {
        "featured_video": {
          "type": "featured_video",
          "settings": {
            "video_focal_point": "bottom",
            "media_link": "",
            "image_overlay_tint_opacity": 0,
            "image_overlay_tint_style": "solid",
            "image_overlay_override_with_custom_colors": false,
            "image_overlay_override_color_text": "#ffffff",
            "image_overlay_override_color_tint": "#000000",
            "maximum_content_width": 250,
            "accent": "",
            "accent_divider_enable": true,
            "accent_divider_color": "accent",
            "title": "",
            "heading_tag": "h3",
            "heading_font_size": 4,
            "text": "",
            "text_font_size": 3,
            "button_link": "",
            "button_label": "",
            "button_style": "primary",
            "text_position": "flex-start_flex-start",
            "text_position_mobile": "center_center"
          }
        }
      },
      "block_order": ["featured_video"],
      "settings": {
        "center_content": false,
        "preheading": "",
        "heading": "Skincare Made Easy",
        "section_header_heading_tag": "h2",
        "subheading": "Packed with skin-brightening illuminating pigments and super-charged beauty extracts that will hydrate, brighten and even your skin tone, while leaving you with a healthy vacation glow.",
        "section_header_subheading_tag": "h2",
        "maximum_content_width": 650,
        "button_link": "/",
        "button_label": "Shop All",
        "button_style": "primary",
        "collection": "",
        "maximum_products": 6,
        "num_columns": "3",
        "enable_slider_desktop": false,
        "enable_slider_mobile": true,
        "media_position": "left",
        "media_width": 40,
        "media_height": 350,
        "media_position_mobile": "above",
        "media_height_mobile": 360,
        "section_style_spacing_top": 36,
        "section_style_spacing_bottom": 36,
        "section_style_enable_animation": true
      }
    },
    "featured-collection-with-media-2": {
      "type": "featured-collection-with-media",
      "blocks": {
        "featured_image": {
          "type": "featured_image",
          "settings": {
            "background_image_media_fit": "cover",
            "background_image_focal_point": "image_presentation",
            "background_image_mobile_focal_point": "image_presentation",
            "media_link": "",
            "image_overlay_tint_opacity": 0,
            "image_overlay_tint_style": "solid",
            "image_overlay_override_with_custom_colors": false,
            "image_overlay_override_color_text": "#ffffff",
            "image_overlay_override_color_tint": "#000000",
            "maximum_content_width": 250,
            "accent": "",
            "accent_divider_enable": true,
            "accent_divider_color": "accent",
            "title": "",
            "heading_tag": "h3",
            "heading_font_size": 4,
            "text": "",
            "text_font_size": 3,
            "button_link": "",
            "button_label": "",
            "button_style": "primary",
            "text_position": "flex-start_flex-start",
            "text_position_mobile": "center_center"
          }
        }
      },
      "block_order": ["featured_image"],
      "settings": {
        "center_content": false,
        "preheading": "",
        "heading": "Shop kits",
        "section_header_heading_tag": "h2",
        "subheading": "Buy our curated product sets",
        "section_header_subheading_tag": "h2",
        "maximum_content_width": 650,
        "button_link": "/",
        "button_label": "Shop All",
        "button_style": "primary",
        "collection": "",
        "maximum_products": 6,
        "num_columns": "3",
        "enable_slider_desktop": false,
        "enable_slider_mobile": true,
        "media_position": "right",
        "media_width": 40,
        "media_height": 350,
        "media_position_mobile": "above",
        "media_height_mobile": 360,
        "section_style_spacing_top": 36,
        "section_style_spacing_bottom": 36,
        "section_style_enable_animation": true
      }
    },
    "grid": {
      "type": "grid",
      "blocks": {
        "item-1": {
          "type": "item",
          "settings": {
            "width": "50",
            "height": 500,
            "mobile_height": 500,
            "background_image_focal_point": "image_presentation",
            "background_image_mobile_focal_point": "image_presentation",
            "text_position": "flex-start_flex-start",
            "text_position_mobile": "flex-start_flex-end",
            "accent": "",
            "accent_divider_enable": true,
            "accent_divider_color": "accent",
            "title": "New Collection",
            "heading_tag": "h3",
            "heading_font_size": 3,
            "text": "<p>The world first Bronze and Illuminating SPF50 Drops!</p>",
            "text_font_size": 3,
            "maximum_text_width": 375,
            "button_link": "",
            "button_label": "Shop now",
            "button_style": "primary",
            "image_overlay_tint_opacity": 0,
            "image_overlay_tint_style": "solid",
            "image_overlay_override_with_custom_colors": false,
            "image_overlay_override_color_text": "#ffffff",
            "image_overlay_override_color_tint": "#000000"
          }
        },
        "item-2": {
          "type": "item",
          "settings": {
            "width": "50",
            "height": 500,
            "mobile_height": 500,
            "background_image_focal_point": "image_presentation",
            "background_image_mobile_focal_point": "image_presentation",
            "text_position": "flex-start_flex-end",
            "text_position_mobile": "flex-start_flex-end",
            "accent": "",
            "accent_divider_enable": true,
            "accent_divider_color": "accent",
            "title": "",
            "heading_tag": "h3",
            "heading_font_size": 3,
            "text": "<p> </p>",
            "text_font_size": 3,
            "maximum_text_width": 250,
            "button_link": "",
            "button_label": "Read more",
            "button_style": "primary",
            "image_overlay_tint_opacity": 0,
            "image_overlay_tint_style": "solid",
            "image_overlay_override_with_custom_colors": false,
            "image_overlay_override_color_text": "#ffffff",
            "image_overlay_override_color_tint": "#000000"
          }
        }
      },
      "block_order": ["item-1", "item-2"],
      "settings": {
        "center_content": true,
        "preheading": "",
        "heading": "",
        "section_header_heading_tag": "h2",
        "subheading": "",
        "section_header_subheading_tag": "h2",
        "maximum_content_width": 650,
        "full_width": false,
        "grid_spacing": 24,
        "color_scheme": "default",
        "override_with_custom_colors": false,
        "override_color_text": "#393939",
        "override_color_background": "#ffffff",
        "section_style_spacing_top": 36,
        "section_style_spacing_bottom": 36,
        "section_style_enable_animation": true
      }
    },
    "featured-collection-3": {
      "type": "featured-collection",
      "settings": {
        "center_content": true,
        "preheading": "",
        "heading": "",
        "section_header_heading_tag": "h2",
        "subheading": "",
        "section_header_subheading_tag": "h2",
        "maximum_content_width": 650,
        "button_1_button_link": "",
        "button_1_button_label": "",
        "button_1_button_style": "primary",
        "button_2_button_link": "",
        "button_2_button_label": "",
        "button_2_button_style": "tertiary",
        "button_position": "header",
        "collection": "",
        "maximum_products": 10,
        "num_columns": "5",
        "num_columns_mobile": "2",
        "enable_slider_desktop": true,
        "enable_slider_mobile": true,
        "show_view_all_tile": false,
        "tile_location": "beginning",
        "accent": "",
        "title": "Featured collection",
        "heading_tag": "h3",
        "text": "Shop all",
        "text_position": "flex-start_flex-start",
        "color_scheme": "default",
        "override_with_custom_colors": false,
        "override_color_text": "#393939",
        "override_color_background": "#ffffff",
        "background_image_focal_point": "image_presentation",
        "image_overlay_tint_opacity": 50,
        "image_overlay_tint_style": "solid",
        "image_overlay_override_with_custom_colors": false,
        "image_overlay_override_color_text": "#ffffff",
        "image_overlay_override_color_tint": "#000000",
        "section_style_spacing_top": 36,
        "section_style_spacing_bottom": 36,
        "section_style_enable_animation": true
      }
    },
    "testimonials": {
      "type": "testimonials",
      "blocks": {
        "testimonial-1": {
          "type": "testimonial",
          "settings": {
            "show_author_image": true,
            "author": "Chloe W.",
            "testimonial": "<p>\"I wanted to express my gratitude for creating a lip balm that goes beyond the ordinary. Not only does it keep my lips soft and moisturized, but the subtle hint of natural ingredients is delightful. The fact that it's vegan makes it even more appealing. It's clear that a lot of thought and care went into developing this product, and I'm thrilled to have it in my beauty arsenal.\"</p>",
            "show_rating": true,
            "rating": 4,
            "featured_product": ""
          }
        },
        "testimonial-2": {
          "type": "testimonial",
          "settings": {
            "show_author_image": true,
            "author": "Jessica S.",
            "testimonial": "<p>\"As someone who has struggled to find the right skincare match, stumbling upon your brand was a game-changer. The attention to detail in the formulation is evident, and my skin has never felt more balanced and nourished. John Davidson, I can't thank you enough for developing a product that understands and caters to diverse skincare needs.\"</p>",
            "show_rating": true,
            "rating": 4,
            "featured_product": ""
          }
        },
        "testimonial-3": {
          "type": "testimonial",
          "settings": {
            "show_author_image": true,
            "author": "Alex B.",
            "testimonial": "<p>\"Sunscreen has always been a tricky product for me. I've tried countless options, but they either felt too heavy or didn't provide adequate protection. Emily Rodriguez, your sunscreen is a revelation! It's lightweight, non-greasy, and I appreciate the commitment to cruelty-free ingredients. It's now an essential part of my daily routine, and I'm grateful to have found a product that genuinely works.\"</p><p></p>",
            "show_rating": true,
            "rating": 4,
            "featured_product": ""
          }
        },
        "testimonial-4": {
          "type": "testimonial",
          "settings": {
            "show_author_image": true,
            "author": "Taylor L.",
            "testimonial": "<p>\"I've struggled to find a mist that delivers both hydration and a refreshing feel. Your mist not only meets but exceeds my expectations. The scent is invigorating, and I love how it revitalizes my skin throughout the day. It's become a little luxury in my routine, and I'm so glad to have discovered it. Thank you for creating such a fantastic product\"</p>",
            "show_rating": true,
            "rating": 4,
            "featured_product": ""
          }
        }
      },
      "block_order": [
        "testimonial-1",
        "testimonial-2",
        "testimonial-3",
        "testimonial-4"
      ],
      "settings": {
        "center_content": true,
        "preheading": "",
        "heading": "Hear It Directly From Our Customers",
        "section_header_heading_tag": "h2",
        "subheading": "",
        "section_header_subheading_tag": "h2",
        "maximum_content_width": 650,
        "button_link": "",
        "button_label": "Button",
        "button_style": "primary",
        "button_position": "header",
        "num_columns": "3",
        "truncate_num_lines": "3",
        "show_verified_review_badges": true,
        "product_thumbnail_size": 42,
        "text_alignment": "left",
        "enable_text_box": true,
        "text_box_style": "border_thin",
        "text_box_color_scheme": "default",
        "text_box_override_with_custom_colors": false,
        "text_box_override_color_text": "#393939",
        "text_box_override_color_background": "#ffffff",
        "color_rating": "product_rating",
        "color_scheme": "accent",
        "override_with_custom_colors": false,
        "override_color_text": "#393939",
        "override_color_background": "#ffffff",
        "section_style_spacing_top": 36,
        "section_style_spacing_bottom": 76,
        "section_style_enable_animation": true
      }
    }
  },
  "order": [
    "video-hero",
    "collection-list",
    "media_with_content_split",
    "rich-text",
    "featured-collection-1",
    "featured-collection-2",
    "image-hero",
    "overlapping_media_with_content",
    "featured-collection-with-media-1",
    "featured-collection-with-media-2",
    "grid",
    "featured-collection-3",
    "testimonials"
  ]
}
