{
  "sections": {
    "main": {
      "type": "main-page",
      "disabled": true,
      "settings": {
        "content_width": "custom",
        "custom_content_width": 700,
        "section_style_enable_animation": true
      }
    },
    "rich-text-1": {
      "type": "rich-text",
      "blocks": {
        "heading": {
          "type": "heading",
          "settings": {
            "title": "FAQ",
            "heading_tag": "h3",
            "heading_font_size": 6
          }
        },
        "text": {
          "type": "text",
          "settings": {
            "text": "<p>You've got questions? We've got answers.</p>",
            "text_font_size": 3
          }
        }
      },
      "block_order": ["heading", "text"],
      "settings": {
        "alignment": "center_center",
        "content_width": "custom",
        "custom_content_width": 600,
        "color_scheme": "default",
        "override_with_custom_colors": false,
        "override_color_text": "#393939",
        "override_color_background": "#ffffff",
        "section_style_spacing_top": 36,
        "section_style_spacing_bottom": 36,
        "section_style_enable_animation": true
      }
    },
    "collapsible-row-list-1": {
      "type": "collapsible-row-list",
      "blocks": {
        "item-1": {
          "type": "item",
          "settings": {
            "expand_by_default": false,
            "icon": "none",
            "title": "How do I make a purchase?",
            "text": "<p>This is an example of a response that you might give. It's good to be as thorough as possible in responses as that has a tendency to improve trust overall.</p>"
          }
        },
        "item-2": {
          "type": "item",
          "settings": {
            "expand_by_default": false,
            "icon": "none",
            "title": "How do I know if my order is confirmed?",
            "text": "<p>This is an example of a response that you might give. It's good to be as thorough as possible in responses as that has a tendency to improve trust overall.</p>"
          }
        },
        "item-3": {
          "type": "item",
          "settings": {
            "expand_by_default": false,
            "icon": "none",
            "title": "Can I change my shipping address after my order is placed?",
            "text": "<p>This is an example of a response that you might give. It's good to be as thorough as possible in responses as that has a tendency to improve trust overall.</p>"
          }
        },
        "item-4": {
          "type": "item",
          "settings": {
            "expand_by_default": false,
            "icon": "none",
            "title": "Can I change my billing address after placing my order?",
            "text": "<p>This is an example of a response that you might give. It's good to be as thorough as possible in responses as that has a tendency to improve trust overall.</p>"
          }
        }
      },
      "block_order": ["item-1", "item-2", "item-3", "item-4"],
      "settings": {
        "center_content": true,
        "preheading": "",
        "heading": "Orders",
        "heading_font_size": 5,
        "section_header_heading_tag": "h2",
        "subheading": "Below are some of are common questions about orders",
        "section_header_subheading_tag": "h2",
        "header_position": "above",
        "item_heading_font": "heading",
        "content_width": "custom",
        "custom_width": 800,
        "color_scheme": "default",
        "override_with_custom_colors": false,
        "override_color_text": "#393939",
        "override_color_background": "#ffffff",
        "section_style_spacing_top": 36,
        "section_style_spacing_bottom": 36,
        "section_style_enable_animation": true
      }
    },
    "collapsible-row-list-2": {
      "type": "collapsible-row-list",
      "blocks": {
        "item-1": {
          "type": "item",
          "settings": {
            "expand_by_default": false,
            "icon": "none",
            "title": "Do you ship internationally?",
            "text": "<p>This is an example of a response that you might give. It's good to be as thorough as possible in responses as that has a tendency to improve trust overall.</p>"
          }
        },
        "item-2": {
          "type": "item",
          "settings": {
            "expand_by_default": false,
            "icon": "none",
            "title": "When will my order be shipped?",
            "text": "<p>This is an example of a response that you might give. It's good to be as thorough as possible in responses as that has a tendency to improve trust overall.</p>"
          }
        },
        "item-3": {
          "type": "item",
          "settings": {
            "expand_by_default": false,
            "icon": "none",
            "title": "Can I change my shipping address after my order is placed?",
            "text": "<p>This is an example of a response that you might give. It's good to be as thorough as possible in responses as that has a tendency to improve trust overall.</p>"
          }
        },
        "item-4": {
          "type": "item",
          "settings": {
            "expand_by_default": false,
            "icon": "none",
            "title": "How long will it take until I receive my order?",
            "text": "<p>This is an example of a response that you might give. It's good to be as thorough as possible in responses as that has a tendency to improve trust overall.</p>"
          }
        },
        "item-5": {
          "type": "item",
          "settings": {
            "expand_by_default": false,
            "icon": "none",
            "title": "What is your return policy?",
            "text": "<p>This is an example of a response that you might give. It's good to be as thorough as possible in responses as that has a tendency to improve trust overall.</p>"
          }
        }
      },
      "block_order": ["item-1", "item-2", "item-3", "item-4", "item-5"],
      "settings": {
        "center_content": true,
        "preheading": "",
        "heading": "Shipping & Returns",
        "heading_font_size": 5,
        "section_header_heading_tag": "h2",
        "subheading": "Below are some common questions about shipping, returns, and exchanges",
        "section_header_subheading_tag": "h2",
        "header_position": "above",
        "item_heading_font": "heading",
        "content_width": "custom",
        "custom_width": 790,
        "color_scheme": "default",
        "override_with_custom_colors": false,
        "override_color_text": "#393939",
        "override_color_background": "#ffffff",
        "section_style_spacing_top": 36,
        "section_style_spacing_bottom": 36,
        "section_style_enable_animation": true
      }
    },
    "rich-text-2": {
      "type": "rich-text",
      "blocks": {
        "heading": {
          "type": "heading",
          "settings": {
            "title": "Didn't find your answer?",
            "heading_tag": "h3",
            "heading_font_size": 4
          }
        },
        "text": {
          "type": "text",
          "settings": {
            "text": "<p>Don't hesitate to get in touch</p>",
            "text_font_size": 3
          }
        },
        "button": {
          "type": "button",
          "settings": {
            "button_link": "",
            "button_label": "Contact us",
            "button_style": "primary"
          }
        }
      },
      "block_order": ["heading", "text", "button"],
      "settings": {
        "alignment": "center_center",
        "content_width": "full",
        "custom_content_width": 700,
        "color_scheme": "default",
        "override_with_custom_colors": false,
        "override_color_text": "#393939",
        "override_color_background": "#ffffff",
        "section_style_spacing_top": 36,
        "section_style_spacing_bottom": 36,
        "section_style_enable_animation": true
      }
    }
  },
  "order": [
    "main",
    "rich-text-1",
    "collapsible-row-list-1",
    "collapsible-row-list-2",
    "rich-text-2"
  ]
}
