{"sections":{"main":{"type":"main-page","disabled":true,"settings":{"content_width":"custom","custom_content_width":700,"section_style_enable_animation":true}},"bd5f3dd4-893d-496b-8a98-1740b06c3a30":{"type":"rich-text","blocks":{"template--15401022816463__bd5f3dd4-893d-496b-8a98-1740b06c3a30-heading-1":{"type":"heading","settings":{"title":"Contact page","heading_font_size":6}},"template--15401022816463__bd5f3dd4-893d-496b-8a98-1740b06c3a30-text-1":{"type":"text","settings":{"text":"<p>Use this text area to share information about your brand with your customers. Describe a product, share announcements, or welcome customers to your store.<\/p>","text_font_size":3}}},"block_order":["template--15401022816463__bd5f3dd4-893d-496b-8a98-1740b06c3a30-heading-1","template--15401022816463__bd5f3dd4-893d-496b-8a98-1740b06c3a30-text-1"],"settings":{"alignment":"center_center","content_width":"custom","custom_content_width":550,"color_scheme":"default","override_with_custom_colors":false,"override_color_text":"#393939","override_color_background":"#ffffff","section_style_spacing_top":36,"section_style_spacing_bottom":36,"section_style_enable_animation":true}},"6eeab8e8-f35f-4684-9ee4-b0228fc8184a":{"type":"contact-form","blocks":{"template--15401022816463__6eeab8e8-f35f-4684-9ee4-b0228fc8184a-text-1":{"type":"text","settings":{"title":"Name","required":false,"width":"half"}},"template--15401022816463__6eeab8e8-f35f-4684-9ee4-b0228fc8184a-email-1":{"type":"email","settings":{"title":"Email","width":"half"}},"template--15401022816463__6eeab8e8-f35f-4684-9ee4-b0228fc8184a-phone-1":{"type":"phone","settings":{"title":"Phone","required":false,"width":"full"}},"template--15401022816463__6eeab8e8-f35f-4684-9ee4-b0228fc8184a-text_area-1":{"type":"text_area","settings":{"title":"Message","placeholder":"Your message","required":false,"height":180,"width":"full"}}},"block_order":["template--15401022816463__6eeab8e8-f35f-4684-9ee4-b0228fc8184a-text-1","template--15401022816463__6eeab8e8-f35f-4684-9ee4-b0228fc8184a-email-1","template--15401022816463__6eeab8e8-f35f-4684-9ee4-b0228fc8184a-phone-1","template--15401022816463__6eeab8e8-f35f-4684-9ee4-b0228fc8184a-text_area-1"],"settings":{"center_content":true,"preheading":"","heading":"","heading_font_size":6,"show_recaptcha_terms":true,"content_width":"custom","custom_content_width":700,"section_style_spacing_top":0,"section_style_spacing_bottom":36,"section_style_enable_animation":true}},"7b90b372-5dbd-454f-8b01-9c53f56a3d44":{"type":"collapsible-row-list","blocks":{"template--15401022816463__7b90b372-5dbd-454f-8b01-9c53f56a3d44-item-1":{"type":"item","settings":{"expand_by_default":false,"icon":"none","title":"How do I know if my order is confirmed?","text":"<p>This is an example of a response that you might give. It's good to be as thorough as possible in responses as that has a tendency to improve trust overall.<\/p>"}},"template--15401022816463__7b90b372-5dbd-454f-8b01-9c53f56a3d44-item-2":{"type":"item","settings":{"expand_by_default":false,"icon":"none","title":"Can I change my shipping address after my order is placed?","text":"<p>This is an example of a response that you might give. It's good to be as thorough as possible in responses as that has a tendency to improve trust overall.<\/p>"}},"template--15401022816463__7b90b372-5dbd-454f-8b01-9c53f56a3d44-item-3":{"type":"item","settings":{"expand_by_default":false,"icon":"none","title":"Do you ship internationally?","text":"<p>This is an example of a response that you might give. It's good to be as thorough as possible in responses as that has a tendency to improve trust overall.<\/p>"}},"template--15401022816463__7b90b372-5dbd-454f-8b01-9c53f56a3d44-item-4":{"type":"item","settings":{"expand_by_default":false,"icon":"none","title":"How long will it take until I receive my order?","text":"<p>This is an example of a response that you might give. It's good to be as thorough as possible in responses as that has a tendency to improve trust overall.<\/p>"}}},"block_order":["template--15401022816463__7b90b372-5dbd-454f-8b01-9c53f56a3d44-item-1","template--15401022816463__7b90b372-5dbd-454f-8b01-9c53f56a3d44-item-2","template--15401022816463__7b90b372-5dbd-454f-8b01-9c53f56a3d44-item-3","template--15401022816463__7b90b372-5dbd-454f-8b01-9c53f56a3d44-item-4"],"settings":{"center_content":true,"preheading":"","heading":"FAQ","heading_font_size":6,"subheading":"Below are some of are common questions:","header_position":"above","item_heading_font":"heading","content_width":"custom","custom_width":700,"color_scheme":"soft","override_with_custom_colors":false,"override_color_text":"#393939","override_color_background":"#FFFFFF","section_style_spacing_top":36,"section_style_spacing_bottom":36,"section_style_enable_animation":true}}},"order":["main","bd5f3dd4-893d-496b-8a98-1740b06c3a30","6eeab8e8-f35f-4684-9ee4-b0228fc8184a","7b90b372-5dbd-454f-8b01-9c53f56a3d44"]}